sequence	codeHeader	name	step
1	HOUSEHOLD AND FIRM MODEL	Household and Firm Model	household
2	URBAN FORM MODELS	Urban Form Models	urban
3	ACCESSIBILITY MODELS	Accessibility Models	accessibility
4	VEHICLE MODELS	Vehicle Models	vehicle
5	TRAVEL DEMAND MODELS	Travel Demand Models	demand
6	CONGESTION	Congestion	congestion
7	INDUCED GROWTH AND TRAVEL	Induced Growth and Travel	induced
8	POLICY ADJUSTED TRAVEL DEMAND	Policy Adjusted Travel Demand	policyvmt
9	POLICY ADJUSTED CONGESTION	Policy Adjusted Congestion	policycongestion
10	PERFORMANCE METRICS	Performance Metrics	metrics
